Date,Close,High,Low,Open,Volume,SMA_20,SMA_50,EMA_20,Returns,Volatility
2025-02-19,96635.609375,96855.59375,95011.96875,95532.53125,28990872862,97482.75625,98940.56765625,97560.88962079391,0.011472343504350446,0.017304838809016777
2025-02-20,98333.9375,98767.1953125,96442.671875,96632.6796875,31668022771,97279.201953125,99018.85125,97634.51322833735,0.017574558032842136,0.017370271937259357
2025-02-21,96125.546875,99497.96875,94852.9609375,98340.671875,49608706470,97052.683984375,99003.6246875,97490.80214706712,-0.02245807176184722,0.017657155618028594
2025-02-22,96577.7578125,96950.15625,95765.34375,96134.203125,18353824477,96997.123046875,98973.03125,97403.84554377501,0.0047043783073406065,0.016488777319368122
2025-02-23,96273.921875,96671.875,95270.453125,96577.8046875,16999478976,96740.548046875,98933.78515625,97296.23376579644,-0.0031460239332733453,0.013778285055830716
2025-02-24,91418.171875,96503.453125,91371.7421875,96277.9609375,44046480529,96417.865625,98795.849375,96736.41834762535,-0.05043681513571874,0.01597104575279912
2025-02-25,88736.171875,92511.078125,86008.234375,91437.1171875,92139104128,96023.901953125,98529.01109375,95974.49011213722,-0.029337712021491935,0.016890366827568032
2025-02-26,84347.0234375,89286.25,82131.8984375,88638.890625,64597492134,95411.58828125,98277.4975,94867.11233360034,-0.04946290046952739,0.019656707795101248
2025-02-27,84704.2265625,87000.78125,83144.9609375,84076.859375,52659591954,94820.3453125,98070.7115625,93899.2184506384,0.004234922709094535,0.019764398345454407
2025-02-28,84373.0078125,85036.3203125,78248.9140625,84705.625,83610570576,94214.873046875,97908.4909375,92991.96029462521,-0.003910297790814532,0.01972591479682843
2025-03-01,86031.9140625,86522.3046875,83794.234375,84373.8671875,29190628396,93691.4640625,97735.10015625,92329.09874870852,0.019661575342751147,0.02053715926779172
2025-03-02,94248.3515625,95043.4375,85040.2109375,86036.2578125,58398341092,93532.00390625,97728.7353125,92511.88473097437,0.09550452979612856,0.030452523418080683
2025-03-03,86065.671875,94429.75,85081.3046875,94248.421875,70072228536,93047.916015625,97560.28,91897.95969707206,-0.08682040111941614,0.035868339197428656
2025-03-04,87222.1953125,88911.2734375,81529.2421875,86064.0703125,68095241474,92514.7328125,97414.3934375,91452.6488033033,0.013437685575495406,0.035569280841231905
2025-03-05,90623.5625,90998.2421875,86379.7734375,87222.953125,50498988027,92214.717578125,97296.18375,91373.68820298869,0.03899657851208138,0.03684438188124145
2025-03-06,89961.7265625,92804.9375,87852.140625,90622.359375,47749810486,91837.35546875,97085.3284375,91239.21566579929,-0.007303133084179958,0.036752647492599606
2025-03-07,86742.671875,91191.046875,84717.6796875,89963.28125,65945677657,91295.471484375,96825.04375,90810.97340000888,-0.0357824911826653,0.037438242898501575
2025-03-08,86154.59375,86847.265625,85247.484375,86742.65625,18206118081,90794.449609375,96458.89484375,90367.5086714366,-0.006779571257010009,0.03737843959555889
2025-03-09,80601.0390625,86471.1328125,80052.484375,86154.3046875,30899345977,90035.832421875,95982.75421875,89437.36870868073,-0.0644603432710168,0.03968311375873187
2025-03-10,78532.0,83955.9296875,77420.59375,80597.1484375,54061099422,89185.455078125,95531.60203125,88398.76216499685,-0.02567012890361897,0.03985641502456714
2025-03-11,82862.2109375,83577.7578125,76624.25,78523.875,54702837196,88496.78515625,95148.51296875,87871.47157190192,0.05513944554449135,0.04216600764368759
2025-03-12,83722.359375,84358.578125,80635.25,82857.375,40353484454,87766.20625,94700.03484375,87476.31802933983,0.010380466895202334,0.041977254102471225
2025-03-13,81066.703125,84301.6953125,79931.8515625,83724.921875,31412940153,87013.2640625,94248.3075,86865.8785146408,-0.0317197970748182,0.04220519142856717
2025-03-14,83969.1015625,85263.2890625,80797.5625,81066.9921875,29588112414,86382.83125,93848.48609375,86589.99499538931,0.03580259620308812,0.04324393040755659
2025-03-15,84343.109375,84672.671875,83639.59375,83968.40625,13650491277,85786.290625,93438.95859375,86376.00588868555,0.004454112352525463,0.043304453769256644
2025-03-16,82579.6875,85051.6015625,82017.90625,84333.3203125,21330270174,85344.36640625,92996.259375,86014.45175642979,-0.020907717157540473,0.04218801521004386
2025-03-17,84075.6875,84725.328125,82492.15625,82576.3359375,25092785558,85111.3421875,92624.123125,85829.8075415317,0.018115835083536647,0.04203558556966973
2025-03-18,82718.5,84075.71875,81179.9921875,84075.71875,24095774594,85029.916015625,92236.739375,85533.4925375763,-0.016142449028442418,0.04068808727533185
2025-03-19,86854.2265625,87021.1875,82569.7265625,82718.8046875,34931960257,85137.416015625,91947.174375,85659.27673042617,0.049997601050550955,0.04220828611609726
2025-03-20,84167.1953125,87443.265625,83647.1953125,86872.953125,29028988961,85127.125390625,91556.4540625,85517.17373824272,-0.030937253791171848,0.04283877154726937
2025-03-21,84043.2421875,84782.2734375,83171.0703125,84164.5390625,19030452299,85027.691796875,91142.6128125,85376.79930483866,-0.0014727011460912154,0.04260771921414874
2025-03-22,83832.484375,84513.875,83674.78125,84046.2578125,9863214091,84506.8984375,90771.16203125,85229.72169247307,-0.0025077306278807887,0.036155617488599044
2025-03-23,86054.375,86094.78125,83794.9140625,83831.8984375,12594615537,84506.33359375,90479.13140625,85308.26010271374,0.026503933905394295,0.031238056363888943
2025-03-24,87498.9140625,88758.7265625,85541.1953125,86070.9296875,34582604933,84520.16953125,90275.33015625,85516.89381316958,0.016786352378946434,0.03132015860125078
2025-03-25,87471.703125,88542.3984375,86346.078125,87512.8203125,30005840049,84362.5765625,89996.65578125,85703.066128582,-0.0003109860024155253,0.029990623996787997
2025-03-26,86900.8828125,88292.15625,85861.453125,87460.234375,26704046038,84209.534375,89777.23703125,85817.14390800276,-0.00652577110204744,0.02998299269051199
2025-03-27,87177.1015625,87786.7265625,85837.9375,86896.2578125,24413471941,84231.255859375,89588.47015625,85946.66368462154,0.003178549412391707,0.028869832024743646
2025-03-28,84353.1484375,87489.859375,83557.640625,87185.234375,34198619509,84141.18359375,89343.6671875,85794.90032775281,-0.032393289916566204,0.02977065019133748
2025-03-29,82597.5859375,84567.3359375,81634.140625,84352.0703125,16969396135,84241.0109375,89065.0371875,85490.39419534778,-0.020812056603918605,0.026235446446440002
2025-03-30,82334.5234375,83505.0,81573.25,82596.984375,14763760943,84431.137109375,88782.07859375,85189.83507555275,-0.0031848691098436133,0.02547854695204676
2025-03-31,82548.9140625,83870.125,81293.890625,82336.0625,29004228247,84415.472265625,88503.055,84938.31878859534,0.0026038970780313253,0.02229369250389068
2025-04-01,85169.171875,85487.3671875,82429.359375,82551.921875,28175650319,84487.812890625,88257.68734375,84960.30479682435,0.0317418810684309,0.023303717845827614
2025-04-02,82485.7109375,88466.953125,82343.5390625,85180.609375,47584398470,84558.76328125,87992.45296875,84724.6291911744,-0.031507420800550134,0.02328801234688013
2025-04-03,83102.828125,83909.296875,81282.1015625,82487.4765625,36852112080,84515.449609375,87696.79234375,84570.17194677686,0.007481504135517403,0.021887288538171172
2025-04-04,83843.8046875,84696.1484375,81670.75,83100.25,45157640207,84490.484375,87441.19109375,84500.99411256002,0.008916382019940938,0.02196083485348026
2025-04-05,83504.796875,84207.015625,82377.734375,83844.703125,14380803631,84536.73984375,87161.10765625,84406.11818517336,-0.004043325726492686,0.021436078299862053
2025-04-06,78214.484375,83704.71875,77097.7421875,83504.5078125,36294853736,84243.6796875,86773.7903125,83816.43877468066,-0.06335339642726368,0.025350585371314262
2025-04-07,79235.3359375,81119.0625,74436.6796875,78221.3359375,91262424987,84069.521484375,86434.99640625,83380.14326637774,0.013051950296130821,0.025412573032861513
2025-04-08,76271.953125,80823.890625,76198.0234375,79218.4765625,48314590749,83540.4078125,86044.9678125,82703.17277672271,-0.03739976334343409,0.023469733273188978
2025-04-09,82573.953125,83541.0,74589.671875,76273.5625,84213627038,83460.745703125,85785.6559375,82690.86614322531,0.0826253916648998,0.030000898956928857
2025-04-10,79626.140625,82700.9296875,78456.1328125,82565.9765625,44718000633,83239.890625,85445.4665625,82398.98752244195,-0.0356990599146636,0.031016424557516794
2025-04-11,83404.8359375,84247.4765625,78936.3203125,79625.046875,41656778779,83218.508203125,85146.88453125,82494.78260959033,0.04745546227457886,0.032946003251806175
2025-04-12,85287.109375,85856.1875,82769.375,83404.515625,24258059104,83180.144921875,84930.11578125,82760.71849201029,0.022567917271733462,0.03279235682574558
2025-04-13,83684.9765625,86015.1875,83027.0078125,85279.46875,28796984817,82989.448046875,84672.26015625,82848.74307015217,-0.01878516957885823,0.0328020089976867
2025-04-14,84542.390625,85785.0,83690.640625,83694.5234375,34090769777,82842.982421875,84437.62953125,83010.04283728053,0.010245734631468162,0.032910626260474786
2025-04-15,83668.9921875,86429.3515625,83598.8203125,84539.6953125,28040322885,82681.387890625,84282.6459375,83072.7999182538,-0.01033089354397465,0.032954055049409015
2025-04-16,84033.8671875,85428.28125,83100.6171875,83674.5078125,29617804112,82524.226171875,84188.59984375,83164.33013437249,0.004360934564412222,0.03296372646962944
2025-04-17,84895.75,85449.0703125,83749.75,84030.671875,21276866029,82551.35625,84199.574375,83329.22726443225,0.01025637449930672,0.032219068869329015
2025-04-18,84450.8046875,85095.046875,84298.8828125,84900.1875,12728372364,82644.0171875,84194.5059375,83436.04416186728,-0.005241078764249063,0.031855175822788975
2025-04-19,85063.4140625,85597.703125,84353.4609375,84450.8671875,15259300427,82780.46171875,84208.3140625,83591.03177145135,0.007254038339443714,0.03185837485437419
2025-04-20,85174.3046875,85306.3828125,83976.84375,85066.0703125,14664050812,82911.73125,84191.161875,83741.8196682179,0.0013036230231544543,0.03185864079232448
2025-04-21,87518.90625,88460.09375,85143.8359375,85171.5390625,41396190190,83029.21796875,84056.57296875,84101.5421998162,0.027527099529631727,0.03166521564847311
2025-04-22,93441.890625,93817.3828125,87084.53125,87521.875,55899038456,83577.026953125,84204.09734375,84991.09919269086,0.06767662701452015,0.0338593815470518
2025-04-23,93699.109375,94535.734375,91962.9609375,93427.5859375,41719568821,84106.841015625,84333.635625,85820.43349576792,0.0027527134594511615,0.0338708330944875
2025-04-24,93943.796875,94016.1953125,91696.7109375,93692.3984375,31483175315,84611.840625,84400.0403125,86594.08715093289,0.0026114175645013393,0.03387705919052291
2025-04-25,94720.5,95768.390625,92898.59375,93954.25,40915232364,85172.62578125,84495.21578125,87368.03123179643,0.008267742531563593,0.033792080530991746
2025-04-26,94646.9296875,95251.359375,93927.25,94714.6484375,17612825123,85994.248046875,84653.3009375,88061.25965614914,-0.0007767095032226168,0.02958406677057037
2025-04-27,93754.84375,95301.203125,93665.3984375,94660.90625,18090367764,86720.2234375,84805.3059375,88603.50576032541,-0.00942540809771053,0.029886869181798
2025-04-28,94978.75,95598.4921875,92860.8046875,93755.3046875,32363449569,87655.56328125,85092.86015625,89210.67187838965,0.013054325526514532,0.02783540234089862
2025-04-29,94284.7890625,95485.4140625,93796.6328125,94981.859375,25806129921,88241.105078125,85407.9159375,89693.9211340192,-0.007306486319308303,0.022467735584424844
2025-04-30,94207.3125,95249.3203125,92979.640625,94286.46875,28344679831,88970.163671875,85634.81796875,90123.76793077927,-0.0008217291810309613,0.020230399796485946
2025-05-01,96492.3359375,97437.9609375,94153.6328125,94212.859375,32875889623,89624.538671875,85890.2175,90730.29821713363,0.02425526614507767,0.018476215680406204
2025-05-02,96910.0703125,97905.8984375,96375.9453125,96494.96875,26421924677,90205.68671875,86207.08484375,91318.84794050186,0.0043291974532626565,0.018138951803088145
2025-05-03,95891.796875,96943.8828125,95821.2890625,96904.6328125,15775154889,90816.027734375,86445.53875,91754.36688664454,-0.010507405827035687,0.017617121191965963
2025-05-04,94315.9765625,96318.921875,94173.4296875,95877.1875,18198688416,91304.70703125,86644.99609375,91998.32971291649,-0.016433317174712747,0.0183511368409736
2025-05-05,94748.0546875,95193.1875,93566.265625,94319.5625,25816260327,91858.66015625,86888.3634375,92260.20828192444,0.0045811763897039,0.017966993096900412
2025-05-06,96802.4765625,96889.1796875,93399.859375,94748.3828125,26551275827,92497.090625,87142.89921875,92692.80526102688,0.02168299794413664,0.018279037907327808
2025-05-07,97032.3203125,97625.8046875,95829.3359375,96800.1953125,76983822462,93103.919140625,87429.175625,93106.09240878622,0.0023743581586117557,0.0182958155848982
2025-05-08,103241.4609375,103969.5390625,96913.875,97034.25,69895404397,94043.451953125,87756.9203125,94071.36560199705,0.06399043746457878,0.022050287974501377
2025-05-09,102970.8515625,104297.4921875,102343.09375,103239.125,58198593958,94938.823828125,88132.9934375,94918.93569347353,-0.002621130818400763,0.022232356319451894
2025-05-10,104696.328125,104961.765625,102830.484375,102973.7109375,42276713994,95914.925,88546.05515625,95850.11592504747,0.016756941758927724,0.02218908043104668
2025-05-11,104106.359375,104937.9921875,103364.7421875,104701.0703125,46285517406,96744.29765625,88951.53265625,96636.42482504295,-0.005635047193781384,0.022096330293689844
2025-05-12,102812.953125,105747.453125,100814.40625,104106.9609375,63250475404,97212.85078125,89286.70421875,97224.66561551504,-0.01242389281274392,0.017714662576965145
2025-05-13,104169.8125,104997.421875,101515.09375,102812.4921875,52608876410,97736.3859375,89620.1221875,97886.10817594218,0.013197358248725033,0.017800680210921186
2025-05-14,103539.4140625,104303.5625,102618.296875,104167.328125,45956071155,98216.166796875,89941.47640625,98424.51826037625,-0.006051642240404331,0.017978097673210642
2025-05-15,103744.640625,104153.6171875,101440.8125,103538.828125,50408241840,98667.373828125,90278.3515625,98931.1965808166,0.00198211052629782,0.01797335470958902
2025-05-16,103489.2890625,104533.484375,103137.4765625,103735.65625,44386499364,99109.491796875,90604.5953125,99365.30062669121,-0.0024613470244020386,0.018004342580749507
2025-05-17,103191.0859375,103716.9453125,102659.1796875,103489.2890625,37898552742,99581.30390625,90981.3540625,99729.66113248252,-0.0028814878109744146,0.017793777683752843
2025-05-18,106446.0078125,106597.171875,103142.6015625,103186.953125,49887082058,100154.666796875,91458.3225,100369.3131972461,0.03154266519659865,0.018694269573100046
2025-05-19,105606.1796875,107068.71875,102112.6875,106430.53125,61761126647,100720.736328125,91923.755625,100868.06238679409,-0.007889709931436006,0.018716359424612892
2025-05-20,106791.0859375,107307.1171875,104206.515625,105605.40625,36515726122,101349.925,92408.5990625,101432.1598678137,0.011220046530480143,0.0186841566535388
2025-05-21,109678.078125,110724.4609375,106127.234375,106791.3125,78086364051,102009.212109375,92898.7771875,102217.48541611715,0.027034018449719976,0.018833260921974706
2025-05-22,111673.28125,111970.171875,109285.0703125,109673.4921875,70157575642,102747.37265625,93482.52859375,103118.03740029647,0.018191448638679386,0.0190000496641603
2025-05-23,107287.796875,111798.90625,106841.3046875,111679.359375,67548133399,103317.17265625,93966.22796875,103515.15735026824,-0.03927066820202352,0.02135955625645719
2025-05-24,107791.15625,109454.5234375,106895.2890625,107278.5078125,45903627163,103990.931640625,94445.175,103922.3953407189,0.004691674073487251,0.02071245077814852
2025-05-25,109035.390625,109313.3046875,106683.375,107802.2734375,47518041841,104705.2984375,94955.786875,104409.3472725552,0.011543009819045436,0.020729913286834697
2025-05-26,109440.3671875,110376.8828125,108735.640625,109023.78125,45950461571,105337.19296875,95580.30453125,104888.49202635947,0.003714175371671846,0.020459013494097938
2025-05-27,108994.640625,110744.2109375,107609.5546875,109440.40625,57450176272,105935.308984375,96175.490625,105279.55379765856,-0.004072780217708405,0.020575414440958163
2025-05-28,107802.328125,109298.2890625,106812.9296875,108992.171875,49155377493,106163.35234375,96806.098125,105519.81801931013,-0.010939184653144474,0.01571304531640603
2025-05-29,105641.7578125,108910.046875,105374.3984375,107795.5703125,56022752042,106296.89765625,97267.45421875,105531.43133294726,-0.020041963379443528,0.016464023026924342
2025-05-30,103998.5703125,106308.9453125,103685.7890625,105646.2109375,57655287183,106262.009765625,97754.9028125,105385.44456909514,-0.015554336978341854,0.016464147172369874
2025-05-31,104638.09375,104927.1015625,103136.1171875,103994.71875,38997843858,106288.596484375,98179.56796875,105314.26830060988,0.006149348357177731,0.016470467951550546
2025-06-01,105652.1015625,105884.546875,103826.953125,104637.296875,37397056873,106430.55390625,98586.8678125,105346.44289698037,0.009690618169351017,0.016306877756127703
2025-06-02,105881.53125,105958.3125,103727.546875,105649.8125,45819706290,106516.13984375,99030.79890625,105397.40369250605,0.0021715582000447764,0.01607496831965642
2025-06-03,105432.46875,106813.578125,104920.84375,105888.4765625,46196508367,106610.792578125,99448.60046875,105400.74322179118,-0.004241178746647534,0.016038590075510405
2025-06-04,104731.984375,105997.6953125,104232.703125,105434.3671875,44544857105,106660.159765625,99869.8603125,105337.05190304916,-0.0066439151364365845,0.016127345428128614
2025-06-05,101575.953125,105936.6875,100436.8828125,104750.78125,57479298400,106564.49296875,100220.70203125,104978.85201942544,-0.030134359325224014,0.017529734890840257
2025-06-06,104390.34375,105376.7734375,101169.5703125,101574.3671875,48856653697,106624.455859375,100610.59390625,104922.8036128135,0.027707252931573167,0.0186367413952503
2025-06-07,105615.625,105972.7578125,103987.3125,104390.6484375,38365033776,106582.93671875,101033.8903125,104988.78660206935,0.011737496074678777,0.01739917887701522
2025-06-08,105793.6484375,106497.0625,105075.328125,105617.5078125,36626232328,106592.31015625,101448.495,105065.44011020561,0.0016855786016509722,0.01730931325522375
2025-06-09,110294.1015625,110561.421875,105400.234375,105793.0234375,55903193732,106767.4609375,101950.8909375,105563.40786756699,0.04253991795791734,0.0196184888489246
2025-06-10,110257.234375,110380.125,108367.7109375,110295.6875,54700101509,106796.41875,102405.6575,106010.43896351299,-0.0003342625487465778,0.018698507537422644
2025-06-11,108686.625,110384.21875,108086.328125,110261.796875,50842662052,106647.0859375,102710.5521875,106265.3138241308,-0.014244955298426398,0.01848227379803304
2025-06-12,105929.0546875,108780.6953125,105785.6875,108685.9140625,54843867968,106579.148828125,102955.15109375,106233.28914445169,-0.025371753999169577,0.017191369752196643
2025-06-13,106090.96875,106182.546875,102822.0234375,105924.59375,69550440846,106494.139453125,103198.09453125,106219.73482117058,0.0015285141831733462,0.01715563161407958
2025-06-14,105472.40625,106203.7578125,104379.3671875,106108.0859375,38007870453,106315.990234375,103413.13265625,106148.56067153528,-0.0058304915798971235,0.01694399610069458
2025-06-15,105552.0234375,106157.1015625,104519.8828125,105464.84375,36744307742,106121.573046875,103631.23453125,106091.74760162715,0.0007548627203146641,0.0169087279447157
2025-06-16,106796.7578125,108915.375,104997.625,105555.59375,50366626945,106011.67890625,103892.0728125,106158.8914312341,0.011792615001237072,0.01716046482597051
2025-06-17,104601.1171875,107750.1953125,103396.53125,106794.1171875,55964092176,105851.618359375,104084.52015625,106010.5319794499,-0.020559056941174436,0.017586808820770003
2025-06-18,104883.328125,105581.8515625,103602.265625,104602.0703125,47318089133,105813.696875,104296.4909375,105903.17923140705,0.0026979724986506692,0.017042074577301773
2025-06-19,104684.2890625,105250.890625,103940.7734375,104886.7734375,37333806920,105847.9828125,104506.03046875,105787.0944534159,-0.0018977187896134229,0.01666487244039045
2025-06-20,103309.6015625,106539.3828125,102372.2109375,104681.03125,50951862476,105781.558203125,104642.37578125,105551.14274951916,-0.013131746055793259,0.01687479678951611
2025-06-21,102257.40625,104015.78125,100973.0625,103315.078125,38360555118,105611.8234375,104749.3225,105237.45355908877,-0.010184874363913243,0.016827996455713243
2025-06-22,100987.140625,103351.6328125,98286.203125,102212.03125,65536997201,105367.10390625,104851.229375,104832.66185108032,-0.012422235919953284,0.016976259406384992
2025-06-23,105577.7734375,106116.859375,99705.75,100987.4765625,65237759656,105374.369140625,105076.4653125,104903.62485931077,0.04545759771084712,0.020028927935922463
2025-06-24,106045.6328125,106316.828125,104740.2421875,105571.515625,48822986421,105440.0515625,105302.416875,105012.38752151927,0.004431419225533917,0.01998112793241852
2025-06-25,107361.2578125,108168.3984375,105881.390625,106047.40625,51624120283,105729.316796875,105513.5925,105236.08945399361,0.012406215749838134,0.018739214715850522
2025-06-26,106960.0,108305.546875,106666.3515625,107375.0703125,43891990613,105857.799609375,105712.14609375,105400.27141075613,-0.003737454466123835,0.017849693932382435
2025-06-27,107088.4296875,107772.46875,106449.9921875,106954.921875,45353692675,105931.43984375,105789.08546875,105561.04838949363,0.0012007263229245613,0.01768217302957179
2025-06-28,107327.703125,107567.8828125,106883.9765625,107090.546875,30037708335,106008.142578125,105876.2225,105729.30122144663,0.002234353778444831,0.017683981495739028
2025-06-29,108385.5703125,108526.3046875,107230.109375,107327.8203125,35534874438,105912.716015625,105950.00734375,105982.27923011838,0.009856422495764683,0.014925206633566659
2025-06-30,107135.3359375,108798.7890625,106759.6484375,108383.4375,42064804590,105756.62109375,106010.586875,106092.0941546309,-0.011535062936840146,0.015116999103247533
2025-07-01,105698.28125,107550.6796875,105270.2265625,107144.3828125,44110692247,105607.20390625,106068.2934375,106054.58816371368,-0.013413452013053329,0.015080703908877982
2025-07-02,108859.3203125,109763.65625,105157.3984375,105703.1015625,56248657737,105753.7171875,106162.08359375,106321.70551121714,0.02990624847553991,0.01549395861348382
2025-07-03,109647.9765625,110541.4609375,108605.796875,108845.015625,50494742270,105931.567578125,106284.25484375,106638.49323038693,0.007244728772290987,0.01554757403878284
2025-07-04,108034.3359375,109751.984375,107296.3828125,109635.65625,42616442656,106059.6640625,106370.04875,106771.43063106436,-0.014716556343200904,0.015899007753674997
2025-07-05,108231.1796875,108381.34375,107842.2734375,108015.8359375,30615537520,106193.621875,106464.8865625,106910.4543507249,0.0018220480395592098,0.015898804707791765
2025-07-06,109232.0703125,109731.625,107847.015625,108231.1875,36746020463,106315.3875,106585.70625,107131.56063279872,0.009247710575546852,0.01582101318705156
2025-07-07,108299.8515625,109710.25,107527.0546875,109235.328125,45415696597,106500.32421875,106622.783125,107242.8264356274,-0.008534295352390808,0.015163605875747577
2025-07-08,108950.2734375,109198.96875,107499.5546875,108298.2265625,44282204127,106703.671484375,106689.665,107405.44043580575,0.006005750382996888,0.015191393912889989
2025-07-09,111326.5546875,111925.375,108357.6796875,108950.2734375,57927418065,107035.784765625,106780.374375,107778.87988834806,0.021810695604753683,0.015783717370341874
2025-07-10,115987.203125,116608.78125,110660.75,111329.1953125,95911605728,107669.66484375,106906.556875,108560.6249585054,0.041864660687494615,0.017487850562710617
2025-07-11,117516.9921875,118856.4765625,115245.6875,115986.234375,86928361085,108432.644140625,107023.43109375,109413.61231364774,0.013189291760499877,0.017130395278395376
2025-07-12,117435.2265625,118219.8984375,116977.0234375,117530.7109375,45524560304,109255.0484375,107226.3796875,110177.5755754432,-0.0006957770402219454,0.01661952799335236
2025-07-13,119116.1171875,119449.5703125,117265.4375,117432.203125,49021091807,109931.965625,107452.87890625,111028.86525278195,0.014313342548076147,0.014175049209037123
2025-07-14,119849.703125,123091.609375,118959.1953125,119115.7890625,181746419401,110622.169140625,107669.16515625,111868.94505013604,0.006158578325259345,0.014169319853937962
2025-07-15,117777.1875,119935.5625,115765.6875,119853.8515625,98321661181,111142.965625,107835.9015625,112431.63480726595,-0.01729262210051885,0.015018889187179996
2025-07-16,118738.5078125,120065.515625,117064.8203125,117777.1875,72162029070,111731.891015625,108030.77890625,113032.289379193,0.00816219450392297,0.014900342291248765
2025-07-17,119289.84375,120999.609375,117508.21875,118738.5078125,72363841798,112341.96171875,108260.52921875,113628.24693831748,0.004643278306736054,0.01486984427256871
2025-07-18,118003.2265625,120851.9140625,116925.984375,119284.109375,77945799785,112875.737890625,108507.75859375,114044.9116644301,-0.01078563897020779,0.015299756153672907
2025-07-19,117939.9765625,118541.3984375,117388.4140625,117998.125,47564562765,113353.458203125,108786.58671875,114415.87022615103,-0.0005360022928398989,0.015297702400099021
2025-07-20,117300.7890625,118865.03125,116550.1328125,117944.109375,57515447231,113861.730859375,109039.840625,114690.62440104141,-0.00541960002562214,0.01502226478406902
2025-07-21,117439.5390625,119671.5625,116584.3984375,117306.46875,69820091744,114448.79375,109275.589375,114952.4257973708,0.0011828564931994912,0.014441930214672253
2025-07-22,119995.4140625,120269.96875,116233.2265625,117426.5,79217583118,115005.5984375,109557.86703125,115432.71039404978,0.02176332622218302,0.013815237717688769
2025-07-23,118754.9609375,120113.3515625,117391.390625,119997.4453125,66608604537,115460.94765625,109824.316875,115749.1152077117,-0.010337504434577038,0.014216544852290507
2025-07-24,118368.0,119535.453125,117247.96875,118770.984375,72627318560,115977.630859375,110097.0371875,115998.53280697725,-0.0032584822936673197,0.013637775816155698
2025-07-25,117635.8828125,118486.9765625,114759.8203125,118368.0,104857024569,116447.866015625,110418.23578125,116154.47090274133,-0.006185093838706357,0.013841640363131217
2025-07-26,117947.3671875,118335.6875,117181.2265625,117644.84375,48508954046,116883.630859375,110689.37625,116325.22292986121,0.002647868724685587,0.01379518750143584
2025-07-27,119448.4921875,119815.59375,117859.6875,117944.7265625,54683390892,117441.062890625,110966.03359375,116622.67714487443,0.012727075099638885,0.013601583645949359
2025-07-28,117924.4765625,119819.7890625,117441.4375,119457.5234375,64822943193,117889.773046875,111208.65015625,116746.65804179115,-0.012758768211219684,0.014163959066751903
2025-07-29,117922.1484375,119273.8671875,116987.3671875,117938.5859375,68463107433,118219.552734375,111361.21109375,116858.60950804912,-1.9742508661990676e-05,0.013551950523140737
2025-07-30,117831.1875,118780.7265625,115800.828125,117921.9921875,68896148592,118311.751953125,111512.69015625,116951.23598347302,-0.0007713643170961237,0.009998965252374046
2025-07-31,115758.203125,118919.984375,115505.21875,117833.6328125,69370346018,118223.8125,111654.12171875,116837.6138064756,-0.017592832754910526,0.010360019631102106
2025-08-01,113320.0859375,116060.7734375,112724.4453125,115738.953125,91294530181,118018.05546875,111801.94234375,116502.61115228744,-0.021062154747402473,0.011316118361367986
2025-08-02,112526.9140625,114021.6015625,112005.765625,113320.390625,56870866000,117688.5953125,111930.66125,116123.97333421244,-0.006999393518263508,0.010714189019233095
2025-08-03,114217.671875,114747.421875,111943.8046875,112525.8046875,48099615826,117406.99375,112105.5665625,115942.42081428744,0.015025363723748075,0.01127270507833972
2025-08-04,115071.8828125,115729.46875,114130.40625,114223.921875,35783028986,117271.728515625,112295.96375,115859.51243316484,0.007478798363486527,0.010898375063242597
2025-08-05,114141.4453125,115117.4375,112701.109375,115072.1875,61039182286,117041.875390625,112442.8575,115695.88699310152,-0.008085706753543476,0.010776127262450476
2025-08-06,115028.0,115737.8359375,113372.25,114140.9140625,56379133510,116828.783203125,112651.39515625,115632.27870804424,0.007767158415357134,0.010898170680716433
2025-08-07,117496.8984375,117676.90625,114279.7109375,115030.0546875,64051649681,116803.466796875,112903.6665625,115809.86153942096,0.021463456180234486,0.011837858281827237
2025-08-08,116688.7265625,117689.203125,115917.4609375,117505.5,59713005166,116740.904296875,113143.7553125,115893.5629701904,-0.0068782400705657,0.011933346596399518
2025-08-09,116500.359375,117906.609375,116363.8359375,116678.2734375,54004312429,116700.8828125,113407.57046875,115951.35310398178,-0.0016142706587778388,0.011880422049195547
2025-08-10,119306.7578125,119320.7109375,116485.1640625,116497.71875,64755458694,116794.24375,113748.5575,116270.915457174,0.02408918266480664,0.013072701007654177
2025-08-11,118731.4453125,122321.09375,118159.03125,119306.8125,90528784177,116731.0453125,114103.44359375,116505.2516338717,-0.004822128356753663,0.012155876040892393
2025-08-12,120172.90625,120302.46875,118228.71875,118717.6640625,72803657984,116801.942578125,114395.34625,116854.55207350296,0.012140515376580119,0.012233380201091916
2025-08-13,123344.0625,123682.453125,118939.6328125,120168.9765625,90904808795,117050.745703125,114741.31484375,117472.6006855503,0.026388279596092357,0.013466975349295933
2025-08-14,118359.578125,124457.1171875,117254.8828125,123339.3984375,104055627395,117086.93046875,114961.28125,117557.07472740265,-0.040411222672351976,0.016430122166436193
2025-08-15,117398.3515625,119332.3125,116864.5703125,118365.78125,68665353159,117059.4796875,115170.04828125,117541.95823550716,-0.008121240187970669,0.016529966302512196
2025-08-16,117491.3515625,117996.0625,117271.953125,117398.421875,48036922378,116961.62265625,115378.10671875,117537.13855236363,0.0007921746665282559,0.01625557014021003
2025-08-17,117453.0625,118595.7734375,117279.5234375,117492.7890625,45852169525,116938.051953125,115580.61390625,117529.13130928137,-0.00032588834829794244,0.01600594481213377
2025-08-18,116252.3125,117614.171875,114723.6796875,117453.90625,72787808090,116854.56015625,115737.94875,117407.52951792124,-0.01022323279139703,0.01616580645788968
2025-08-19,112831.1796875,116764.5,112730.3984375,116241.859375,71657600353,116604.559765625,115851.865625,116971.68667692874,-0.029428514056440758,0.017405390600938594
2025-08-20,114274.7421875,114625.796875,112387.9609375,112828.0234375,67993811526,116530.38671875,116023.39484375,116714.83482079268,0.012794003430595335,0.01730050023896588
2025-08-21,112419.03125,114802.6484375,111986.234375,114275.6875,57817883700,116485.333984375,116094.5890625,116305.71067119337,-0.01623902974513114,0.017030323620408887
2025-08-22,116874.0859375,117377.3984375,111678.9453125,112433.734375,82528088240,116702.692578125,116239.11125,116359.84164893685,0.03962900798880531,0.01912239799402675
2025-08-23,115374.328125,116996.25,114536.109375,116866.3671875,55377142586,116760.525390625,116385.91109375,116265.98321808572,-0.012832252765613172,0.01914369593674877
2025-08-24,113458.4296875,115615.0859375,111060.546875,115387.390625,73961489632,116679.852734375,116490.45609375,115998.59716755374,-0.016605933647771742,0.01944847798709831
2025-08-25,110124.3515625,113637.84375,109324.28125,113456.8984375,85706860190,116478.998046875,116508.30171875,115439.14520516768,-0.029385900493979156,0.020442054348508387
2025-08-26,111802.65625,112397.015625,108762.0390625,110124.1015625,69396320317,116317.730859375,116578.3578125,115092.81292372313,0.015240086898922645,0.020688918090814617
2025-08-27,111222.0625,112619.4140625,110398.265625,111795.7109375,62137056409,116003.9890625,116623.79359375,114724.17002622569,-0.005193022862549412,0.019997951028141794
2025-08-28,112544.8046875,113450.078125,110900.921875,111219.0546875,58860155962,115796.79296875,116648.15859375,114516.61142253752,0.01189280397942638,0.02022335868815139
2025-08-29,108410.8359375,112619.0546875,107559.625,112550.5234375,77843379644,115392.316796875,116496.63125,113935.1089953911,-0.036731759955323295,0.021694588375192204
2025-08-30,108808.0703125,108929.3515625,107444.4453125,108409.40625,51486264208,114867.382421875,116322.4528125,113446.81959702051,0.003664157476186425,0.02079619843323701
2025-08-31,108236.7109375,109491.0,108104.65625,108818.4609375,47986191770,114342.645703125,116138.4825,112950.61877230427,-0.00525107534173741,0.020796889859732517
2025-09-01,109250.59375,109890.5859375,107271.1796875,108228.75,66870372995,113796.530078125,115941.17203125,112598.23543684672,0.009367272930950854,0.02068969848521652
2025-09-02,111200.5859375,111748.015625,108454.03125,109243.0703125,74776999491,113189.35625,115768.1896875,112465.12596071846,0.017848801737061493,0.020097273795772405
2025-09-03,111723.2109375,112600.2265625,110582.9609375,111190.6953125,61119643565,112857.537890625,115647.11015625,112394.46738707862,0.004699840343410866,0.018368061227686708
2025-09-04,110723.6015625,112208.328125,109347.2265625,111718.1484375,60131132901,112523.800390625,115486.81203125,112235.33730854733,-0.008947195185422974,0.018381766487767445
2025-09-05,110650.984375,113357.4921875,110233.3984375,110723.015625,60241647677,112181.78203125,115314.03484375,112084.44655297139,-0.0006558419928113235,0.018369879494834374
2025-09-06,110224.6953125,111275.015625,110024.0859375,110650.5703125,21500719036,111820.363671875,115158.46421875,111907.32738721222,-0.0038525555367432407,0.01836145941848601
2025-09-07,111167.6171875,111591.078125,110211.625,110221.328125,24618007520,111566.12890625,115023.01703125,111836.87879676344,0.008554542812086785,0.01845309522364557
2025-09-08,112071.4296875,112869.234375,110630.609375,111163.015625,40212813407,111528.14140625,114918.42984375,111859.21697683359,0.008130177859939192,0.017403814795782718
2025-09-09,111530.546875,113225.4375,110776.703125,112077.578125,45984480722,111390.931640625,114800.25,111827.91506237324,-0.004826232823193166,0.017155970463834568
2025-09-10,113955.359375,114275.25,110940.078125,111531.25,56377473784,111467.748046875,114679.44890625,112030.52880643294,0.02174124101370767,0.017487897709039923
2025-09-11,115507.5390625,115522.546875,113453.8359375,113961.4296875,45685065332,111399.420703125,114614.50046875,112361.67264034408,0.013620945043858246,0.015277835643752125
2025-09-12,116101.578125,116769.3828125,114794.484375,115507.7890625,54785725894,111435.783203125,114569.17203125,112717.85411507322,0.005142859655061782,0.015039554447257927
2025-09-13,115950.5078125,116334.6328125,115248.2734375,116093.5625,34549454947,111560.387109375,114535.46453125,113025.72589578053,-0.0013011908618274504,0.014507462046940154
2025-09-14,115407.65625,116181.5,115222.3984375,115950.2890625,32798036057,111824.55234375,114484.6703125,113252.57640570619,-0.004681752350561785,0.012707319799064283
2025-09-15,115444.875,116747.8828125,114461.0625,115399.6328125,52937859416,112006.66328125,114404.59796875,113461.3667480199,0.0003224981011604733,0.012348139341712416
2025-09-16,116843.1875,117005.2734375,114813.09375,115423.7578125,45781744593,112287.71953125,114382.9721875,113783.44491487514,0.012112382641498831,0.012447305121296092
2025-09-17,116468.5078125,117328.609375,114794.9765625,116840.5078125,60528025996,112483.9046875,114353.899375,114039.16519083941,-0.0032066883445814875,0.012307459907418442
2025-09-18,117137.203125,117911.7890625,116188.796875,116461.265625,49457272032,112920.223046875,114340.0196875,114334.21642266423,0.005741425944741474,0.008334132640047464
2025-09-19,115688.859375,117479.7578125,115141.8203125,117137.671875,38828473971,113264.2625,114338.6328125,114463.2300371724,-0.012364506846338497,0.009095078627607391
2025-09-20,115721.9609375,116191.1484375,115473.5234375,115691.125,22864449614,113638.525,114386.6703125,114583.10917053693,0.0002861257573012477,0.008909560511411433
2025-09-21,115306.09375,115901.0859375,115252.578125,115730.2265625,22495852193,113941.3,114442.25390625,114651.96484477152,-0.003593675600818802,0.008923009243763432
2025-09-22,112748.5078125,115431.3125,112037.6484375,115309.21875,70684158591,114018.69609375,114412.870625,114470.68322265042,-0.02218083931492132,0.009801504287130659
2025-09-23,112014.5,113351.9140625,111535.5703125,112757.4765625,47211853279,114033.260546875,114351.72296875,114236.76101096942,-0.00651013327573835,0.009883147938559574
2025-09-24,113328.6328125,113986.2734375,111229.640625,112007.6640625,48044595085,114163.512109375,114335.46671875,114150.27261111519,0.011731809832655538,0.009959799930004476
2025-09-25,109049.2890625,113541.0859375,108713.3984375,113330.1640625,75528654284,114083.42734375,114215.8925,113664.46465410422,-0.03776048156409062,0.013241031386828743
2025-09-26,109712.828125,110359.1953125,108728.9765625,109041.296875,57738288949,114057.833984375,114060.21109375,113288.11831799906,0.0060847628462732395,0.013300635515746506
2025-09-27,109681.9453125,109778.5,109144.296875,109707.140625,26308042910,113983.550390625,113920.07546875,112944.67326985628,-0.0002814877077529365,0.013142165733128843
2025-09-28,112122.640625,112375.484375,109236.9453125,109681.9453125,33371048505,113986.1109375,113832.52109375,112866.38444653664,0.02225248016477188,0.013987530321640044
2025-09-29,114400.3828125,114473.5703125,111589.953125,112117.875,60000147466,114129.602734375,113734.39359375,113012.47952900935,0.02031473906432546,0.01463468314856153
2025-09-30,114056.0859375,114836.6171875,112740.5625,114396.5234375,58986330258,114134.6390625,113640.88640625,113111.87061553227,-0.003009577997342028,0.013846988434967612
2025-10-01,118648.9296875,118648.9296875,113981.3984375,114057.59375,71328680132,114291.70859375,113610.406875,113639.20957476729,0.04026829179914837,0.0162809164129271
2025-10-02,120681.2578125,121086.40625,118383.15625,118652.3828125,71415163912,114520.692578125,113557.15078125,114309.88083550373,0.017128920845327356,0.01663994033110206
2025-10-03,122266.53125,123944.703125,119344.3125,120656.984375,83941392228,114836.49375,113635.28984375,115067.65706545576,0.013136036748664148,0.016798500780138777
2025-10-04,122425.4296875,122857.640625,121577.5703125,122267.46875,36769171735,115187.382421875,113735.83140625,115768.39731517425,0.001299606980548873,0.016711505774021106
2025-10-05,123513.4765625,125559.2109375,122191.9609375,122419.671875,73689317763,115590.8125,113856.27390625,116506.02391015766,0.008887425412982486,0.01674659667291266
2025-10-06,124752.53125,126198.0703125,123196.046875,123510.453125,72568881188,115986.2796875,114002.26328125,117291.40556157121,0.010031736794915869,0.01669677803298595
2025-10-07,121451.3828125,125184.0234375,120681.96875,124752.140625,76149412513,116235.4234375,114106.2446875,117687.59387118348,-0.026461574802715715,0.017945072080467122
2025-10-08,123354.8671875,124167.09375,121119.1796875,121448.3515625,65354305286,116546.306640625,114316.7184375,118227.33418702314,0.01567280940669602,0.018182605464710417
2025-10-09,121705.5859375,123739.34375,119812.03125,123337.0703125,74653009425,116847.14296875,114465.3353125,118558.59625849713,-0.013370216251727518,0.018227930244174028
2025-10-10,113214.3671875,122509.6640625,104582.4140625,121704.7421875,153125018868,116721.76328125,114481.24203125,118049.62206125932,-0.06976852117831744,0.024401095087076725
2025-10-11,110807.8828125,113429.7265625,109760.5625,113236.4296875,110236934340,116496.852734375,114359.91796875,117359.93260899652,-0.02125599811033263,0.02482324341744912
2025-10-12,115169.765625,115805.0625,109715.5390625,110811.515625,93710414091,116617.915625,114355.82671875,117151.34527718733,0.03936437283871608,0.0259390084083897
2025-10-13,115271.078125,116020.484375,113821.1875,115161.6796875,71582026739,116780.74453125,114392.0796875,116972.27221507425,0.000879679657679322,0.025873133895699226
2025-10-14,113118.6640625,115502.8828125,110029.484375,115264.8828125,92212917403,116770.24609375,114451.9659375,116605.26191482908,-0.01867262888064536,0.026147987890295918
2025-10-15,110783.1640625,113622.3828125,110235.8359375,113113.96875,72574132855,116856.93984375,114431.57609375,116050.77640508347,-0.02064646024028005,0.02509801137017208
2025-10-16,108186.0390625,111990.8125,107537.03125,110782.171875,87306423067,116780.600390625,114370.855625,115301.75380102791,-0.023443318504017374,0.02565129998407233
2025-10-17,106467.7890625,109235.8046875,103598.4296875,108179.1328125,99703051669,116619.892578125,114249.3153125,114460.42382593002,-0.01588236351834038,0.025884179151746827
2025-10-18,107198.265625,107490.984375,106387.453125,106483.734375,37779905278,116373.673828125,114225.06390625,113768.78971155573,0.006861009972426446,0.025375139744665706
2025-10-19,108666.7109375,109488.9921875,106157.7890625,107204.3125,47657008953,116086.990234375,114222.23671875,113282.87744735993,0.013698405510000455,0.025111585484958742
2025-10-20,110588.9296875,111711.03125,107485.015625,108667.4453125,63507793085,115913.632421875,114269.28109375,113026.31099403994,0.01768912239467313,0.025502731613054618
2025-10-21,108476.890625,113996.34375,107534.75,110587.6328125,101194375480,115405.03046875,114253.80703125,112593.03286365519,-0.019098105646452646,0.023817769329495753
2025-10-22,107688.5859375,109115.1328125,106778.0,108491.53125,80807013218,114755.396875,114183.56703125,112125.94268021183,-0.007267028792566799,0.023286865618176493
2025-10-23,110069.7265625,111288.59375,107548.4296875,107679.4375,54944076060,114145.556640625,114150.49734375,111930.11257376308,0.022111355667553845,0.02374520102883053
2025-10-24,111033.921875,111842.53125,109770.1484375,110069.3515625,48160816980,113575.98125,114156.70375,111844.76107864278,0.008759859251149305,0.023906895389607465
2025-10-25,111641.7265625,111947.703125,110704.40625,111032.6171875,24707667305,112982.39375,114176.51859375,111825.42445805777,0.005474045023684315,0.023817593063440314
2025-10-26,114472.4453125,115260.90625,111268.484375,111639.0546875,41708524143,112468.389453125,114261.47359375,112077.52168229036,0.025355383127430242,0.024553772247987077
2025-10-27,114119.328125,116273.3125,113882.2890625,114479.8515625,61761358733,112101.78671875,114320.5078125,112271.9794387389,-0.0030847352525406047,0.023977905225087356
2025-10-28,112956.1640625,116078.984375,112291.6796875,114129.0859375,64528066504,111581.8515625,114338.2025,112337.1398790971,-0.01019252462848308,0.023622247013608422
2025-10-29,110055.3046875,113642.7265625,109368.71875,112921.328125,62192043469,110999.3375,114308.69765625,112119.82224180213,-0.025681284408657135,0.024032692350780305
2025-10-30,108305.546875,111612.3515625,106376.6875,110059.1953125,69673964814,110753.896484375,114195.70140625,111756.55792115431,-0.015898895718551742,0.018812859357500506
2025-10-31,109556.1640625,111031.8203125,108288.2734375,108304.4140625,60090359560,110691.310546875,114076.67390625,111546.99660128247,0.011547120379193476,0.018476912616341983
2025-11-01,110064.015625,110574.8984375,109372.953125,109558.625,25871668762,110436.023046875,113955.92265625,111405.760317827,0.004635536182247879,0.016009759099046724
2025-11-02,110639.625,111167.3125,109523.453125,110064.4296875,34284209459,110204.450390625,113849.705,111332.79504946253,0.005229768982454308,0.016082367744974107
2025-11-03,106547.5234375,110764.9140625,105336.359375,110646.90625,72852006359,109875.893359375,113672.50234375,110877.05489594227,-0.03698585893164408,0.01754124465879971
2025-11-04,101590.5234375,107264.8828125,98962.0625,106541.421875,110967184773,109416.261328125,113395.4153125,109992.62332847157,-0.046523840630681046,0.01974026995148059
2025-11-05,103891.8359375,104534.703125,98989.9140625,101579.234375,77584934804,109201.551171875,113136.38828125,109411.59595790284,0.02265282648549194,0.02005571689778857
2025-11-06,101301.2890625,104147.3046875,100336.8671875,103893.6640625,63932752861,108943.226171875,112833.04390625,108639.18577738828,-0.02493503798083263,0.02048706903355154
2025-11-07,103372.40625,104052.9140625,99257.0546875,101286.2421875,92168030081,108751.933203125,112557.74796875,108137.58772716082,0.020445121741957006,0.021024294813645854
2025-11-08,102282.1171875,103373.5625,101458.0390625,103371.703125,51446691095,108432.703515625,112289.613125,107579.92386624074,-0.010547196317199026,0.020793281298331977
2025-11-09,104719.640625,105418.3671875,101468.875,102278.984375,59679243013,108139.2390625,112069.56671875,107307.51593850352,0.02383137448193029,0.02115429917303878
2025-11-10,105996.59375,106564.6953125,104350.6484375,104723.7734375,69585887229,108015.22421875,111883.37671875,107182.6662062651,0.012194017448672767,0.021019513335637553
2025-11-11,102997.46875,107428.2578125,102457.328125,105996.859375,71130078574,107780.668359375,111688.3559375,106784.0759723351,-0.028294541304540788,0.02186145669984005
2025-11-12,101663.1875,105297.234375,100836.6171875,103011.4375,64347179408,107360.34140625,111481.3296875,106296.37230830318,-0.012954505253314763,0.02122316238603817
2025-11-13,99697.4921875,104005.4921875,97988.71875,101674.1484375,101546815416,106793.519921875,111208.706875,105667.90753489335,-0.01933536967351135,0.02128137895178073
2025-11-14,94397.7890625,99804.4296875,94000.734375,99694.703125,114346441890,105931.323046875,110915.676875,104594.56291847494,-0.053157837862490065,0.02364723172628096
2025-11-15,95549.1484375,96728.46875,94420.46875,94420.46875,38500716654,104985.158203125,110632.40328125,103733.0948726678,0.012196889211437911,0.02283704017566528
2025-11-16,94177.078125,96564.1875,92971.1640625,95556.8671875,71086235862,103988.045703125,110322.3059375,102822.9980395566,-0.01435983820826503,0.022829177253985842
2025-11-17,92093.875,95928.3671875,91214.7578125,94180.875,94186165724,102944.93125,109921.730625,101801.17679769406,-0.02212006537551514,0.023008624919100946
2025-11-18,92948.875,93745.078125,89300.4609375,92094.53125,101333569062,102089.609765625,109492.70046875,100958.10043600891,0.009284005043766586,0.02307493921535425
2025-11-19,91465.9921875,92946.1640625,88526.828125,92946.1640625,80350354656,101247.63203125,109040.89859375,100054.09012662711,-0.015953746750565823,0.023075911313186117
2025-11-20,86631.8984375,93025.0703125,86040.796875,91459.3515625,97970645638,100101.41875,108400.55796875,98775.78615623405,-0.05285126891851111,0.024622787558776702
2025-11-21,85090.6875,87380.8046875,80659.8125,86528.7734375,129157506112,98852.75234375,107688.7465625,97472.44342706891,-0.017790340109098413,0.024364462731692987
2025-11-22,84648.359375,85503.0078125,83490.8984375,85098.5625,40793099246,97553.1890625,106936.383125,96251.10208877664,-0.0051983141515926645,0.024074961998468196
2025-11-23,86805.0078125,88038.46875,84641.7734375,84648.609375,58083435576,96566.06328125,106223.9746875,95351.47406246458,0.025477734635657168,0.024841733023127945
2025-11-24,88270.5625,89206.3359375,85272.1953125,86798.7734375,74433896110,95900.065234375,105519.11640625,94677.10153270604,0.01688329653360121,0.023951439299890173
2025-11-25,87341.890625,88457.3359375,86131.4296875,88269.9609375,64837343545,95072.56796875,104770.90359375,93978.51001768642,-0.010520742688141405,0.022936956318568482
2025-11-26,90518.3671875,90581.15625,86316.8984375,87345.5859375,66496301869,94533.421875,104152.24328125,93648.97260528771,0.03636830551491177,0.024641710426169694
2025-11-27,91285.375,91897.578125,90089.515625,90517.765625,57040622845,93929.0703125,103510.8534375,93423.86807145078,0.008473504729832548,0.024122836568011615
2025-11-28,90919.265625,92969.0859375,90257.1171875,91285.3828125,60895830289,93360.927734375,102895.12703125,93185.33450512213,-0.004010602738938163,0.024101097987183656
2025-11-29,90851.7578125,91187.6171875,90260.1875,90918.7421875,37921773455,92667.53359375,102447.87484375,92963.08910582478,-0.0007425028351905061,0.02312891701929282
2025-11-30,90394.3125,91965.046875,90394.3125,90838.2109375,38497902869,91887.41953125,102039.6034375,92718.44371479384,-0.005035073877646679,0.022700312689395954
2025-12-01,86321.5703125,90398.15625,83862.25,90389.109375,87962894424,91053.624609375,101462.63953125,92109.21767648016,-0.045055292472078956,0.023784800564808656
2025-12-02,91350.203125,92316.6328125,86202.1953125,86322.5390625,78546798211,90537.975390625,100984.22203125,92036.93057633919,0.05825464938016567,0.028035956582324235
2025-12-03,93527.8046875,94060.7734375,91056.390625,91345.09375,77650204986,90229.491015625,100592.40484375,92178.91858692592,0.023837949867722363,0.02852858617442152
2025-12-04,92141.625,94038.2421875,90976.1015625,93454.2578125,64538402681,90116.6828125,100219.5740625,92175.3668167425,-0.014821043775501641,0.02615631802424377
2025-12-05,89387.7578125,92702.640625,88152.140625,92133.6484375,63256398633,89808.61328125,99843.6084375,91909.88024490989,-0.029887330373216225,0.026734981424928014
2025-12-06,89272.375,90267.4609375,88951.6640625,89389.359375,37994042405,89563.378125,99499.70015625,91658.68926920417,-0.0012908122468182626,0.026601796488593305
2025-12-07,90405.640625,91740.84375,87799.5625,89277.8125,47394898960,89478.96640625,99163.84765625,91539.3513030895,0.012694471554050235,0.026377104821122824
2025-12-08,90640.203125,92267.1171875,89644.890625,90424.5859375,57394099056,89363.5328125,98803.3175,91453.71814327146,0.0025945560296725123,0.02628751342168794
2025-12-09,92691.7109375,94601.5703125,89586.9765625,90639.703125,66861721440,89424.81875,98445.373125,91571.62221891226,0.022633530616329445,0.02654153276342929
2025-12-10,92020.9453125,94477.15625,91640.1328125,92695.234375,65420694513,89694.27109375,98116.25421875,91614.41489449205,-0.007236522211271801,0.023450266755521306
2025-12-11,92511.3359375,93554.265625,89335.296875,92011.3046875,64532834621,90065.303515625,97812.70921875,91699.8359462071,0.005329119618741718,0.02292072306949813
2025-12-12,90270.4140625,92747.9296875,89532.6015625,92513.6640625,80275884583,90346.40625,97416.72296875,91563.70052871118,-0.024223213861206738,0.023722429437680957
2025-12-13,90298.7109375,90647.5703125,89800.9921875,90257.796875,64237748110,90521.09140625,97002.01875,91443.22532954821,0.00031346787642294593,0.023155192757048807
2025-12-14,88175.1796875,90498.109375,87634.9375,90296.4375,50465972205,90516.322265625,96532.6878125,91131.98288744838,-0.023516739363752315,0.023567931681630887
2025-12-15,86419.78125,89983.921875,85304.078125,88171.078125,45559514323,90470.216796875,95971.63453125,90683.20177911996,-0.019908078936967,0.02388419977363827
2025-12-16,87843.984375,88170.09375,85381.6875,86424.40625,41262178223,90336.49765625,95446.12765625,90412.80012158473,0.01648005936140917,0.022661594775446842
2025-12-17,86143.7578125,90264.5703125,85316.265625,87847.6171875,44243392914,90079.416796875,94909.87953125,90006.22466357666,-0.01935507109105894,0.022886002050852384
2025-12-18,85462.5078125,89412.6640625,84436.3125,86144.3671875,52667115348,89806.57890625,94418.02359375,89573.48972537888,-0.007908292107279613,0.022914800026329608
2025-12-19,88103.3828125,89339.1171875,85107.6640625,85476.1328125,46733310561,89669.16015625,94013.9803125,89433.47954319994,0.03090097713717843,0.024127724972007672
2025-12-20,88344.0,88497.203125,87924.875,88101.671875,14688196659,89566.64453125,93589.73703125,89329.71958670471,0.002731077738661547,0.024126264329150236
2025-12-21,88621.75,89027.953125,87613.203125,88344.703125,19845522660,89681.653515625,93160.89171875,89262.29391178046,0.0031439599746445612,0.021773023160359326
2025-12-22,88490.015625,90501.9296875,87908.0703125,88621.3984375,38047472118,89538.644140625,92717.89953125,89188.74359875376,-0.0014864790528285043,0.01720034480359063
2025-12-23,87414.0,88898.3828125,86606.9765625,88490.03125,43683011533,89232.95390625,92335.2290625,89019.72039887245,-0.01215974047919599,0.016273491391632977
2025-12-24,87611.9609375,87956.8828125,86411.796875,87404.3203125,25550297986,89006.470703125,92055.6578125,88885.64806921793,0.0022646365284737513,0.01608134321913493
2025-12-25,87234.7421875,88501.7890625,86949.2578125,87608.3203125,19953216347,88898.819921875,91722.5159375,88728.41893762574,-0.004305562231041726,0.0147410067836122
2025-12-26,87301.4296875,89459.4296875,86628.140625,87235.5078125,42455674908,88800.27265625,91442.51875,88592.51519951853,0.0007644603322913834,0.014746881114646223
2025-12-27,87802.15625,87874.78125,87182.9765625,87301.4296875,13741199310,88670.0984375,91131.11375,88517.242918612,0.005735605525503784,0.014486244923018402
2025-12-28,87835.8359375,87986.890625,87394.953125,87799.34375,15156557929,88529.880078125,90842.188125,88452.34701564895,0.00038358610925337544,0.014462892415480239
2025-12-29,87138.140625,90299.15625,86717.9140625,87835.7890625,48411625849,88252.2015625,90490.558125,88327.18450225382,-0.007943173820266769,0.013354372766903502
2025-12-30,88430.1328125,89297.9375,86735.546875,87134.3515625,35586356225,88072.6609375,90139.22890625,88336.98910322964,0.014826942349620564,0.013886663617790581
2025-12-31,87508.828125,89080.2890625,87130.5625,88429.5859375,33830210616,87822.535546875,89829.45609375,88258.11662911253,-0.01041844740246467,0.013901836202407212
2026-01-01,88731.984375,88803.2265625,87399.40625,87508.046875,18849043990,87745.6140625,89570.83203125,88303.24689062563,0.013977518339667538,0.013402010269164003
2026-01-02,89944.6953125,90884.4609375,88298.6171875,88733.0625,46398906171,87727.91328125,89375.77609375,88459.57531175652,0.013667122921255048,0.013786168128564341
2026-01-03,90603.1875,90679.5703125,89328.0703125,89945.0546875,20774828592,87849.313671875,89299.8840625,88663.72885349399,0.007321078638514056,0.012712773967810917
2026-01-04,91413.4921875,91712.5859375,90595.1015625,90603.0,26770491368,88098.99921875,89217.1709375,88925.61107578028,0.008943445698309516,0.011764961115868826
2026-01-05,93882.5546875,94762.0703125,91414.625,91414.625,53376407252,88400.927734375,89211.28046875,89397.7009435631,0.027009825802690735,0.012610883330248913
2026-01-06,93729.03125,94395.296875,91286.546875,93876.9453125,52430605257,88780.19140625,89243.98359375,89810.20859179519,-0.0016352711961346023,0.011501369919942902
2026-01-07,91308.0546875,93738.7890625,90601.8046875,93727.46875,43461295053,89072.46875,89211.1671875,89952.86060090993,-0.025829527204251357,0.013090176165635382
2026-01-08,91027.125,91485.8515625,89233.875,91309.640625,42386697030,89218.655859375,89202.38984375,90055.17149606136,-0.003076724046541912,0.011432305778962112
2026-01-09,90513.1015625,91910.671875,89625.3828125,91026.2734375,38305906684,89327.1109375,89280.01390625,90098.78388334124,-0.005646925984974294,0.011545305665507754
2026-01-10,90386.6484375,90713.03125,90283.3984375,90510.1015625,12385895282,89415.355859375,89385.933125,90126.19955516588,-0.001397069847536736,0.011551304258797314
2026-01-11,90827.4609375,91155.2265625,90212.0234375,90385.359375,17165568977,89532.228125,89509.51515625,90192.98635348341,0.004876964768804504,0.011565398084473015
2026-01-12,91192.9921875,92395.5234375,90055.0234375,90825.859375,41346275358,89721.177734375,89597.27484375,90288.22500434214,0.004024457429802286,0.011126953633638371
2026-01-13,95321.78125,96011.625,90941.9296875,91185.3359375,54980674354,90106.66875,89738.29921875,90767.6113134524,0.04527528885126264,0.014720768001328707
2026-01-14,96929.328125,97860.6015625,94583.046875,95322.90625,60592490863,90591.398046875,89930.04796875,91354.44148598074,0.016864423365986925,0.014828045722884814
2026-01-15,95551.1875,97150.171875,95103.2421875,96931.2890625,53086363027,91003.8859375,90030.704375,91754.13158255401,-0.01421799419905967,0.015439674605192768
2026-01-16,95525.1171875,95801.890625,94259.2734375,95554.1015625,33248170537,91390.033984375,90115.49921875,92113.27306873933,-0.00027284132392391136,0.015475588074923614
2026-01-17,95099.921875,95598.4765625,95005.6171875,95525.15625,16021715122,91753.23828125,90199.11234375,92397.71581219274,-0.004451136256293897,0.015578007929703699
2026-01-18,93634.4296875,95491.5078125,93588.8671875,95101.1796875,20809781232,92078.052734375,90254.76578125,92515.49808603153,-0.01541002514624834,0.01596633209061613
2026-01-19,92553.59375,93660.828125,92089.25,93655.671875,39195241508,92284.22578125,90297.95140625,92519.12624450472,-0.011543146480490485,0.016089329361321698
2026-01-20,88310.90625,92798.4296875,87814.9296875,92553.6015625,53072968031,92324.3296875,90337.738125,92118.34338788522,-0.04584033237499219,0.019220002706182626
2026-01-21,89376.9609375,90430.40625,87231.5703125,88326.5078125,56330422434,92356.578515625,90298.27328125,91857.2593449914,0.012071608510981546,0.019154965783981504
2026-01-22,89462.453125,90258.9609375,88438.4453125,89378.5234375,35549685694,92332.46640625,90216.96625,91629.18256213507,0.000956534957143873,0.018905625567022667
2026-01-23,89503.875,91100.25,88486.359375,89462.046875,38997586037,92277.50078125,90164.21125,91426.77231812221,0.00046300848627667257,0.0188259889236932
2026-01-24,89110.734375,89811.609375,89044.2890625,89506.1484375,14558687712,92162.362890625,90158.67078125,91206.19727592009,-0.00439244250598092,0.018711905182642295
2026-01-25,86572.21875,89193.1484375,86003.7109375,89104.765625,36124986722,91796.84609375,90104.66765625,90764.86598773721,-0.028487203509257375,0.018435552484131736
2026-01-26,88267.140625,88743.0703125,86429.2890625,86566.5234375,45329286974,91523.7515625,90061.89765625,90526.98738176224,0.019578126787931138,0.01916742275490296
2026-01-27,89102.5703125,89427.125,87228.921875,88257.4765625,38744942267,91413.47734375,90031.145,90391.32861326107,0.009464787027023913,0.018552626410709087
2026-01-28,89184.5703125,90439.2890625,88721.4609375,89104.046875,39807419296,91321.349609375,89961.0021875,90276.39925128382,0.0009202877056453396,0.018551264412431035
2026-01-29,84561.5859375,89200.78125,83250.6015625,89169.8515625,64653083162,91023.773828125,89811.815,89732.13131663774,-0.05183614563372574,0.021773943105414018
2026-01-30,84128.65625,84602.1640625,81071.4765625,84562.7265625,72083816087,90710.87421875,89644.16140625,89198.467024577,-0.005119696877728619,0.021773922186392358
2026-01-31,78621.1171875,84136.921875,75815.8828125,84126.5,70479259159,90100.55703125,89411.17546875,88191.1003734268,-0.06546567255435032,0.025701432107829436
2026-02-01,76974.4453125,79322.609375,75698.8984375,78626.125,53372509744,89389.6296875,89144.69015625,87122.8475104814,-0.02094439679701987,0.025750718606202632
2026-02-02,78688.765625,79258.609375,74551.3359375,76968.875,75140589684,88557.97890625,88954.961875,86319.60161662604,0.022271291537603544,0.023669917817281012
2026-02-03,75633.546875,79118.8515625,72897.140625,78693.5078125,68249110822,87493.18984375,88739.2371875,85301.88211742355,-0.03882661934945053,0.02370942134093092
2026-02-04,73019.703125,76864.65625,71779.9296875,75640.09375,67215363944,86366.615625,88442.7515625,84132.15078481178,-0.03455931736640505,0.024237542029543393
2026-02-05,62702.09765625,73161.5546875,62353.53515625,73016.375,125509410908,84725.4646484375,87973.918359375,82091.19334399638,-0.14129892381358544,0.03730800198763551
2026-02-06,70555.390625,71681.3046875,60074.203125,62704.453125,114674259489,83498.2380859375,87675.776015625,80992.54546599672,0.1252476912623226,0.04946644647057425
2026-02-07,69281.96875,71611.1484375,67364.4453125,70553.796875,62347107663,82280.6150390625,87299.347734375,79877.2524454256,-0.018048541205989532,0.04947494017348159
2026-02-08,70264.7265625,72206.90625,68852.8984375,69283.7265625,39721722619,81166.1716796875,86937.762265625,78961.77378990888,0.014184900201757111,0.04986878430319052
2026-02-09,70120.78125,71369.96875,68291.03125,70243.328125,52081598792,80256.6654296875,86567.742890625,78119.77450039376,-0.00204861414171964,0.04928504683430061
2026-02-10,68793.9609375,70464.265625,67913.09375,70137.390625,40593063077,79227.5154296875,86173.821796875,77231.60178011817,-0.018921927121284043,0.04903142105085749
2026-02-11,66991.96875,69242.6796875,65757.3046875,68791.859375,49671946030,78103.9912109375,85765.381171875,76256.39863439264,-0.02619404614799148,0.04903424350317713
2026-02-12,66221.84375,68339.4921875,65092.109375,66992.1953125,44651071271,76939.8896484375,85337.578828125,75300.72674064097,-0.011495780977477277,0.0489316620790685
2026-02-13,68857.84375,69382.8359375,65835.78125,66213.375,40820775886,75927.2451171875,84970.040859375,74687.1188367704,0.039805596623848194,0.05035615540822827
2026-02-14,69767.625,70481.1640625,68706.6171875,68856.984375,36012397645,75087.0154296875,84619.364765625,74218.59561422083,0.013212456278809848,0.050482775105750874
2026-02-15,68788.1875,70939.2890625,68052.546875,69764.953125,40191152750,74113.0677734375,84239.085390625,73701.41388905693,-0.014038567315427408,0.05002105214736841
2026-02-16,68843.15625,70067.234375,67301.5859375,68782.3984375,33618145426,73100.0970703125,83859.231796875,73238.72268533721,0.000799101589935125,0.04987007613178687
2026-02-17,67494.21875,69201.8671875,66615.28125,68843.09375,34866936040,72015.5794921875,83466.353359375,72691.62707244795,-0.019594358734823403,0.04980955456254185
2026-02-18,66425.3203125,68434.4296875,65845.8984375,67488.0234375,33094301643,71108.7662109375,83026.257109375,72094.83595245291,-0.015836888807606253,0.04896195374616959
2026-02-19,66957.5234375,67277.125,65637.4296875,66425.625,31492987019,70250.2095703125,82615.231015625,71605.56809388596,0.008012052068341324,0.04913051158132622
2026-02-20,68005.421875,68269.03125,66452.484375,66958.578125,47507867304,69719.4248046875,82200.699765625,71262.69702542062,0.015650197075734784,0.04765290109678855
2026-02-21,68003.765625,68657.703125,67533.0703125,68000.25,18357635642,69270.8908203125,81761.881171875,70952.32260633295,-2.435467576455963e-05,0.047540100791720406
2026-02-22,67659.390625,68235.2265625,67185.6015625,67998.828125,17893536012,68719.4220703125,81303.005234375,70638.7100366822,-0.005064057803784272,0.04710314686602592
2026-02-23,64616.73828125,67668.4296875,63924.4375,67668.4296875,50953457309,68168.581640625,80767.07015625,70065.18891711722,-0.04497014110892317,0.047344797147044
2026-02-24,64080.04296875,64992.15625,62553.1875,64616.015625,40849331086,67721.5986328125,80171.019921875,69495.17501727273,-0.008305824880296298,0.046895263199915486
2026-02-25,67960.125,69953.53125,63942.484375,64077.76953125,53629234355,67984.5,79655.641796875,69348.97977753247,0.060550552894326426,0.036739995782650456
2026-02-26,67453.7734375,68843.3515625,66523.734375,67954.8671875,42988597523,67829.419140625,79178.556171875,69168.48393562461,-0.007450715585058165,0.02335969356089119
2026-02-27,65881.796875,68220.40625,64946.03515625,67456.515625,40283655942,67659.410546875,78675.649609375,68855.46612032702,-0.023304501473983996,0.023578414985150547
2026-02-28,66995.859375,67714.5234375,63062.21875,65878.9296875,42041497112,67495.9671875,78205.304765625,68678.36071601017,0.016910019957618205,0.023686027453412473
